{"cameraMode":{"drawMode":0,"name":"Shaded","section":"Shading Mode"},"sceneLighting":false,"audioPlay":false,"sceneViewState":{"m_AlwaysRefresh":false,"showFog":true,"showSkybox":false,"showFlares":true,"showImageEffects":true,"showParticleSystems":true,"showVisualEffectGraphs":true,"m_FxEnabled":true},"in2DMode":false,"pivot":{"x":321.9142761230469,"y":328.31939697265627,"z":-30.600555419921876},"rotation":{"x":-0.0853833556175232,"y":0.08567385375499726,"z":-0.007441458757966757,"w":-0.9926751255989075},"size":224.34083557128907,"orthographic":false}